<application>
  <component name="libraryTable">
    <library name="Python 3.5 interpreter library">
      <CLASSES>
        <root url="file:///usr/lib/python3.5" />
        <root url="file:///usr/lib/python3.5/plat-x86_64-linux-gnu" />
        <root url="file:///usr/lib/python3.5/lib-dynload" />
        <root url="file:///usr/local/lib/python3.5/dist-packages" />
        <root url="jar:///usr/local/lib/python3.5/dist-packages/setuptools-39.0.1-py3.5.egg!/" />
        <root url="file:///usr/local/lib/python3.5/dist-packages/pip-9.0.3-py3.5.egg" />
        <root url="file:///usr/lib/python3/dist-packages" />
        <root url="file://$USER_HOME$/.CLion2018.1/system/python_stubs/-1247971764" />
        <root url="file://$APPLICATION_HOME_DIR$/plugins/python/helpers/python-skeletons" />
        <root url="file://$APPLICATION_HOME_DIR$/plugins/python/helpers/typeshed/stdlib/3.5" />
        <root url="file://$APPLICATION_HOME_DIR$/plugins/python/helpers/typeshed/stdlib/3.4" />
        <root url="file://$APPLICATION_HOME_DIR$/plugins/python/helpers/typeshed/stdlib/3.3" />
        <root url="file://$APPLICATION_HOME_DIR$/plugins/python/helpers/typeshed/stdlib/3" />
        <root url="file://$APPLICATION_HOME_DIR$/plugins/python/helpers/typeshed/stdlib/2and3" />
        <root url="file://$APPLICATION_HOME_DIR$/plugins/python/helpers/typeshed/third_party/3" />
        <root url="file://$APPLICATION_HOME_DIR$/plugins/python/helpers/typeshed/third_party/2and3" />
      </CLASSES>
      <SOURCES>
        <root url="file:///usr/lib/python3.5" />
        <root url="file:///usr/lib/python3.5/plat-x86_64-linux-gnu" />
        <root url="file:///usr/lib/python3.5/lib-dynload" />
        <root url="file:///usr/local/lib/python3.5/dist-packages" />
        <root url="jar:///usr/local/lib/python3.5/dist-packages/setuptools-39.0.1-py3.5.egg!/" />
        <root url="file:///usr/local/lib/python3.5/dist-packages/pip-9.0.3-py3.5.egg" />
        <root url="file:///usr/lib/python3/dist-packages" />
        <root url="file://$USER_HOME$/.CLion2018.1/system/python_stubs/-1247971764" />
        <root url="file://$APPLICATION_HOME_DIR$/plugins/python/helpers/python-skeletons" />
        <root url="file://$APPLICATION_HOME_DIR$/plugins/python/helpers/typeshed/stdlib/3.5" />
        <root url="file://$APPLICATION_HOME_DIR$/plugins/python/helpers/typeshed/stdlib/3.4" />
        <root url="file://$APPLICATION_HOME_DIR$/plugins/python/helpers/typeshed/stdlib/3.3" />
        <root url="file://$APPLICATION_HOME_DIR$/plugins/python/helpers/typeshed/stdlib/3" />
        <root url="file://$APPLICATION_HOME_DIR$/plugins/python/helpers/typeshed/stdlib/2and3" />
        <root url="file://$APPLICATION_HOME_DIR$/plugins/python/helpers/typeshed/third_party/3" />
        <root url="file://$APPLICATION_HOME_DIR$/plugins/python/helpers/typeshed/third_party/2and3" />
      </SOURCES>
    </library>
  </component>
</application>