<application>
  <component name="FindSettings">
    <option name="caseSensitive" value="true" />
    <option name="customScope" value="All Places" />
    <option name="defaultScopeName" value="All Places" />
    <option name="skipResultsWithOneUsage" value="true" />
    <option name="SKIP_RESULTS_WHEN_ONE_USAGE" value="true" />
    <option name="CASE_SENSITIVE_SEARCH" value="true" />
    <option name="SEARCH_SCOPE" value="All Places" />
    <mask>*.properties</mask>
    <mask>*.html</mask>
    <mask>*.jsp</mask>
    <mask>*.xml</mask>
    <mask>*.js</mask>
    <mask>*.as</mask>
    <mask>*.css</mask>
    <mask>*.mxml</mask>
    <mask>*u</mask>
    <mask>sp98*</mask>
    <mask>ums*</mask>
    <mask>*map</mask>
    <mask>*arm*</mask>
    <mask>*.s</mask>
    <mask>*c</mask>
    <mask>*h</mask>
    <mask>*.c</mask>
    <mask>percpu.c</mask>
    <mask>*.java</mask>
    <mask>*.h</mask>
    <mask>*.S</mask>
  </component>
</application>