<?xml version="1.0" encoding="UTF-8"?>
<scheme name="Monodarkai" version="1" parent_scheme="Default">
	<option name="LINE_SPACING" value="1.0" />
	<option name="EDITOR_FONT_SIZE" value="12" />
	<option name="EDITOR_FONT_NAME" value="Menlo" />
	<colors>
		<option name="ADDED_LINES_COLOR" value="384c38" />
		<option name="ANNOTATIONS_COLOR" value="8b999f" />
		<option name="ANNOTATIONS_MERGED_COLOR" value="" />
		<option name="CARET_COLOR" value="f8f8f0" />
		<option name="CARET_ROW_COLOR" value="3a3a3a" />
		<option name="CONSOLE_BACKGROUND_KEY" value="222222" />
		<option name="DELETED_LINES_COLOR" value="656e76" />
		<option name="FILESTATUS_ADDED" value="629755" />
		<option name="FILESTATUS_DELETED" value="6c6c6c" />
		<option name="FILESTATUS_IDEA_FILESTATUS_DELETED_FROM_FILE_SYSTEM" value="6c6c6c" />
		<option name="FILESTATUS_IDEA_FILESTATUS_IGNORED" value="848504" />
		<option name="FILESTATUS_IDEA_FILESTATUS_MERGED_WITH_BOTH_CONFLICTS" value="d5756c" />
		<option name="FILESTATUS_IDEA_FILESTATUS_MERGED_WITH_CONFLICTS" value="d5756c" />
		<option name="FILESTATUS_IDEA_FILESTATUS_MERGED_WITH_PROPERTY_CONFLICTS" value="d5756c" />
		<option name="FILESTATUS_MERGED" value="9876aa" />
		<option name="FILESTATUS_MODIFIED" value="6897bb" />
		<option name="FILESTATUS_NOT_CHANGED_IMMEDIATE" value="6897bb" />
		<option name="FILESTATUS_NOT_CHANGED_RECURSIVE" value="6897bb" />
		<option name="FILESTATUS_UNKNOWN" value="d1675a" />
		<option name="FILESTATUS_addedOutside" value="629755" />
		<option name="FILESTATUS_changelistConflict" value="d5756c" />
		<option name="FILESTATUS_modifiedOutside" value="6897bb" />
		<option name="GUTTER_BACKGROUND" value="2a2a2a" />
		<option name="INDENT_GUIDE" value="373737" />
		<option name="LINE_NUMBERS_COLOR" value="888888" />
		<option name="METHOD_SEPARATORS_COLOR" value="4d4d4d" />
		<option name="MODIFIED_LINES_COLOR" value="374752" />
		<option name="NOTIFICATION_BACKGROUND" value="5c5c42" />
		<option name="READONLY_FRAGMENT_BACKGROUND" value="" />
		<option name="RECURSIVE_CALL_ATTRIBUTES" value="574300" />
		<option name="RIGHT_MARGIN_COLOR" value="4d4d4d" />
		<option name="SELECTED_INDENT_GUIDE" value="505050" />
		<option name="SELECTED_TEARLINE_COLOR" value="787878" />
		<option name="SELECTION_BACKGROUND" value="444444" />
		<option name="SELECTION_FOREGROUND" value="" />
		<option name="SOFT_WRAP_SIGN_COLOR" value="" />
		<option name="TEARLINE_COLOR" value="555555" />
		<option name="WHITESPACES" value="505050" />
		<option name="WHITESPACES_MODIFIED_LINES_COLOR" value="4c4638" />
	</colors>
	<attributes>
		<option name="ABSTRACT_CLASS_NAME_ATTRIBUTES">
			<value>
				<option name="FONT_TYPE" value="2" />
				<option name="FOREGROUND" value="66d9ef" />
			</value>
		</option>
		<option name="ANNOTATION_NAME_ATTRIBUTES">
			<value>
				<option name="FOREGROUND" value="affcfe" />
			</value>
		</option>
		<option name="ANONYMOUS_CLASS_NAME_ATTRIBUTES">
			<value>
				<option name="FONT_TYPE" value="2" />
				<option name="FOREGROUND" value="66d9ef" />
			</value>
		</option>
		<option name="BAD_CHARACTER">
			<value>
				<option name="EFFECT_TYPE" value="2" />
				<option name="EFFECT_COLOR" value="ff0000" />
			</value>
		</option>
		<option name="BOOKMARKS_ATTRIBUTES">
			<value>
				<option name="ERROR_STRIPE_COLOR" value="9ec7" />
			</value>
		</option>
		<option name="BREAKPOINT_ATTRIBUTES">
			<value>
				<option name="BACKGROUND" value="3a2323" />
			</value>
		</option>
		<option name="CLASS_NAME_ATTRIBUTES">
			<value>
				<option name="FONT_TYPE" value="2" />
				<option name="FOREGROUND" value="66d9ef" />
			</value>
		</option>
		<option name="CONSOLE_BLACK_OUTPUT">
			<value>
				<option name="FOREGROUND" value="ffffff" />
			</value>
		</option>
		<option name="CONSOLE_BLUE_OUTPUT">
			<value>
				<option name="FOREGROUND" value="5394ec" />
			</value>
		</option>
		<option name="CONSOLE_CYAN_OUTPUT">
			<value>
				<option name="FOREGROUND" value="6969" />
			</value>
		</option>
		<option name="CONSOLE_ERROR_OUTPUT">
			<value>
				<option name="FOREGROUND" value="e6db74" />
			</value>
		</option>
		<option name="CONSOLE_MAGENTA_OUTPUT">
			<value>
				<option name="FOREGROUND" value="983498" />
			</value>
		</option>
		<option name="CONSOLE_NORMAL_OUTPUT">
			<value>
				<option name="FOREGROUND" value="f8f8f2" />
				<option name="BACKGROUND" value="272822" />
			</value>
		</option>
		<option name="CONSOLE_RED_OUTPUT">
			<value>
				<option name="FOREGROUND" value="ff6b68" />
			</value>
		</option>
		<option name="CONSOLE_SYSTEM_OUTPUT">
			<value>
				<option name="FOREGROUND" value="ae81ff" />
			</value>
		</option>
		<option name="CONSOLE_USER_INPUT">
			<value>
				<option name="FOREGROUND" value="75715e" />
			</value>
		</option>
		<option name="CONSOLE_WHITE_OUTPUT">
			<value>
				<option name="FOREGROUND" value="0" />
			</value>
		</option>
		<option name="CONSTRUCTOR_DECLARATION_ATTRIBUTES">
			<value>
				<option name="FOREGROUND" value="a7ec21" />
			</value>
		</option>
		<option name="CTRL_CLICKABLE">
			<value>
				<option name="FOREGROUND" value="29a7de" />
				<option name="EFFECT_TYPE" value="1" />
				<option name="EFFECT_COLOR" value="287bde" />
			</value>
		</option>
		<option name="CUSTOM_KEYWORD1_ATTRIBUTES">
			<value>
				<option name="FOREGROUND" value="f92672" />
			</value>
		</option>
		<option name="CUSTOM_KEYWORD2_ATTRIBUTES">
			<value>
				<option name="FOREGROUND" value="f92672" />
			</value>
		</option>
		<option name="CUSTOM_KEYWORD3_ATTRIBUTES">
			<value>
				<option name="FOREGROUND" value="f92672" />
			</value>
		</option>
		<option name="CUSTOM_KEYWORD4_ATTRIBUTES">
			<value>
				<option name="FOREGROUND" value="f92672" />
			</value>
		</option>
		<option name="DEBUGGER_INLINED_VALUES">
			<value>
				<option name="FONT_TYPE" value="2" />
				<option name="FOREGROUND" value="3d8065" />
			</value>
		</option>
		<option name="DEBUGGER_INLINED_VALUES_EXECUTION_LINE">
			<value>
				<option name="FONT_TYPE" value="2" />
				<option name="FOREGROUND" value="ffeb09" />
			</value>
		</option>
		<option name="DEFAULT_ATTRIBUTE">
			<value>
				<option name="FONT_TYPE" value="2" />
				<option name="FOREGROUND" value="a7ec21" />
			</value>
		</option>
		<option name="DEFAULT_BLOCK_COMMENT">
			<value>
				<option name="FOREGROUND" value="75715e" />
			</value>
		</option>
		<option name="DEFAULT_CLASS_NAME">
			<value>
				<option name="FONT_TYPE" value="2" />
				<option name="FOREGROUND" value="66d9ef" />
			</value>
		</option>
		<option name="DEFAULT_CLASS_REFERENCE">
			<value>
				<option name="FOREGROUND" value="66d9ef" />
			</value>
		</option>
		<option name="DEFAULT_CONSTANT">
			<value>
				<option name="FOREGROUND" value="ae81ff" />
			</value>
		</option>
		<option name="DEFAULT_DOC_COMMENT">
			<value>
				<option name="FONT_TYPE" value="2" />
				<option name="FOREGROUND" value="75715e" />
			</value>
		</option>
		<option name="DEFAULT_DOC_COMMENT_TAG">
			<value>
				<option name="FOREGROUND" value="f92672" />
			</value>
		</option>
		<option name="DEFAULT_DOC_COMMENT_TAG_VALUE">
			<value>
				<option name="FOREGROUND" value="757154" />
			</value>
		</option>
		<option name="DEFAULT_DOC_MARKUP">
			<value>
				<option name="FOREGROUND" value="9e9a83" />
			</value>
		</option>
		<option name="DEFAULT_DOT">
			<value>
				<option name="FOREGROUND" value="f92672" />
			</value>
		</option>
		<option name="DEFAULT_ENTITY">
			<value>
				<option name="FOREGROUND" value="ae81ff" />
			</value>
		</option>
		<option name="DEFAULT_FUNCTION_CALL">
			<value>
				<option name="FOREGROUND" value="a7ec21" />
			</value>
		</option>
		<option name="DEFAULT_FUNCTION_DECLARATION">
			<value>
				<option name="FOREGROUND" value="a7ec21" />
			</value>
		</option>
		<option name="DEFAULT_INSTANCE_METHOD">
			<value>
				<option name="FOREGROUND" value="a7ec21" />
			</value>
		</option>
		<option name="DEFAULT_INTERFACE_NAME">
			<value>
				<option name="FONT_TYPE" value="2" />
				<option name="FOREGROUND" value="66d9ef" />
			</value>
		</option>
		<option name="DEFAULT_INVALID_STRING_ESCAPE">
			<value>
				<option name="FOREGROUND" value="e6db74" />
				<option name="EFFECT_TYPE" value="2" />
				<option name="EFFECT_COLOR" value="ff0000" />
			</value>
		</option>
		<option name="DEFAULT_KEYWORD">
			<value>
				<option name="FOREGROUND" value="f92672" />
			</value>
		</option>
		<option name="DEFAULT_LABEL">
			<value>
				<option name="FOREGROUND" value="66d9ef" />
			</value>
		</option>
		<option name="DEFAULT_LINE_COMMENT">
			<value>
				<option name="FOREGROUND" value="75715e" />
			</value>
		</option>
		<option name="DEFAULT_LOCAL_VARIABLE">
			<value>
				<option name="FOREGROUND" value="f9faf4" />
			</value>
		</option>
		<option name="DEFAULT_METADATA">
			<value>
				<option name="FOREGROUND" value="66d9ef" />
			</value>
		</option>
		<option name="DEFAULT_NUMBER">
			<value>
				<option name="FOREGROUND" value="ae81ff" />
			</value>
		</option>
		<option name="DEFAULT_OPERATION_SIGN">
			<value>
				<option name="FOREGROUND" value="f92672" />
			</value>
		</option>
		<option name="DEFAULT_PREDEFINED_SYMBOL">
			<value>
				<option name="FOREGROUND" value="ae81ff" />
			</value>
		</option>
		<option name="DEFAULT_STATIC_METHOD">
			<value>
				<option name="FOREGROUND" value="a7ec21" />
			</value>
		</option>
		<option name="DEFAULT_STRING">
			<value>
				<option name="FOREGROUND" value="e6db74" />
			</value>
		</option>
		<option name="DEFAULT_TAG">
			<value>
				<option name="FOREGROUND" value="f9faf4" />
			</value>
		</option>
		<option name="DEFAULT_VALID_STRING_ESCAPE">
			<value>
				<option name="FOREGROUND" value="ae81ff" />
			</value>
		</option>
		<option name="DELETED_TEXT_ATTRIBUTES">
			<value>
				<option name="BACKGROUND" value="532021" />
				<option name="EFFECT_TYPE" value="3" />
				<option name="EFFECT_COLOR" value="f8f8f2" />
			</value>
		</option>
		<option name="DEPRECATED_ATTRIBUTES">
			<value>
				<option name="FOREGROUND" value="ff0000" />
			</value>
		</option>
		<option name="DIFF_CONFLICT">
			<value>
				<option name="BACKGROUND" value="45302b" />
				<option name="ERROR_STRIPE_COLOR" value="8f5247" />
			</value>
		</option>
		<option name="DIFF_DELETED">
			<value>
				<option name="BACKGROUND" value="484a4a" />
				<option name="ERROR_STRIPE_COLOR" value="656e76" />
			</value>
		</option>
		<option name="DIFF_INSERTED">
			<value>
				<option name="BACKGROUND" value="294436" />
				<option name="ERROR_STRIPE_COLOR" value="447152" />
			</value>
		</option>
		<option name="DIFF_MODIFIED">
			<value>
				<option name="BACKGROUND" value="385570" />
				<option name="ERROR_STRIPE_COLOR" value="43698d" />
			</value>
		</option>
		<option name="DUPLICATE_FROM_SERVER">
			<value>
				<option name="EFFECT_TYPE" value="2" />
				<option name="EFFECT_COLOR" value="f49810" />
			</value>
		</option>
		<option name="ERRORS_ATTRIBUTES">
			<value>
				<option name="ERROR_STRIPE_COLOR" value="bc0908" />
				<option name="EFFECT_TYPE" value="2" />
				<option name="EFFECT_COLOR" value="bc0908" />
			</value>
		</option>
		<option name="EXECUTIONPOINT_ATTRIBUTES">
			<value>
				<option name="BACKGROUND" value="2d6099" />
			</value>
		</option>
		<option name="FOLDED_TEXT_ATTRIBUTES">
			<value>
				<option name="FOREGROUND" value="a3a3a3" />
				<option name="BACKGROUND" value="3a3a3a" />
			</value>
		</option>
		<option name="FOLLOWED_HYPERLINK_ATTRIBUTES">
			<value>
				<option name="FOREGROUND" value="29a7de" />
				<option name="EFFECT_TYPE" value="1" />
				<option name="EFFECT_COLOR" value="287bde" />
			</value>
		</option>
		<option name="GENERIC_SERVER_ERROR_OR_WARNING">
			<value>
				<option name="EFFECT_TYPE" value="1" />
				<option name="EFFECT_COLOR" value="f49810" />
			</value>
		</option>
		<option name="HYPERLINK_ATTRIBUTES">
			<value>
				<option name="FOREGROUND" value="29a7de" />
				<option name="EFFECT_TYPE" value="1" />
				<option name="EFFECT_COLOR" value="287bde" />
			</value>
		</option>
		<option name="IDENTIFIER_UNDER_CARET_ATTRIBUTES">
			<value>
				<option name="FOREGROUND" value="ffffff" />
				<option name="BACKGROUND" value="676350" />
				<option name="ERROR_STRIPE_COLOR" value="f9f5ca" />
				<option name="EFFECT_COLOR" value="a05d4f" />
			</value>
		</option>
		<option name="IMPLICIT_ANONYMOUS_CLASS_PARAMETER_ATTRIBUTES">
			<value>
				<option name="FONT_TYPE" value="2" />
			</value>
		</option>
		<option name="INFO_ATTRIBUTES">
			<value>
				<option name="ERROR_STRIPE_COLOR" value="aea86d" />
				<option name="EFFECT_TYPE" value="2" />
				<option name="EFFECT_COLOR" value="aeae80" />
			</value>
		</option>
		<option name="INJECTED_LANGUAGE_FRAGMENT">
			<value>
				<option name="BACKGROUND" value="32593d" />
				<option name="EFFECT_COLOR" value="3c704b" />
			</value>
		</option>
		<option name="INTERFACE_NAME_ATTRIBUTES">
			<value>
				<option name="FONT_TYPE" value="2" />
				<option name="FOREGROUND" value="66d9ef" />
			</value>
		</option>
		<option name="KOTLIN_ENUM_ENTRY">
			<value>
				<option name="FOREGROUND" value="ae81ff" />
			</value>
		</option>
		<option name="LINE_FULL_COVERAGE">
			<value>
				<option name="FONT_TYPE" value="1" />
				<option name="FOREGROUND" value="485848" />
			</value>
		</option>
		<option name="LINE_NONE_COVERAGE">
			<value>
				<option name="FONT_TYPE" value="1" />
				<option name="FOREGROUND" value="715353" />
			</value>
		</option>
		<option name="LINE_PARTIAL_COVERAGE">
			<value>
				<option name="FONT_TYPE" value="1" />
				<option name="FOREGROUND" value="80805a" />
			</value>
		</option>
		<option name="LOGCAT_ASSERT_OUTPUT">
			<value>
				<option name="FOREGROUND" value="c97dd2" />
			</value>
		</option>
		<option name="LOGCAT_DEBUG_OUTPUT">
			<value>
				<option name="FOREGROUND" value="3cabf3" />
			</value>
		</option>
		<option name="LOGCAT_ERROR_OUTPUT">
			<value>
				<option name="FOREGROUND" value="ff5459" />
			</value>
		</option>
		<option name="LOGCAT_INFO_OUTPUT">
			<value>
				<option name="FOREGROUND" value="9cda1e" />
			</value>
		</option>
		<option name="LOGCAT_VERBOSE_OUTPUT">
			<value>
				<option name="FOREGROUND" value="999999" />
			</value>
		</option>
		<option name="LOGCAT_WARNING_OUTPUT">
			<value>
				<option name="FOREGROUND" value="e8d157" />
			</value>
		</option>
		<option name="LOG_ERROR_OUTPUT">
			<value>
				<option name="FOREGROUND" value="f92672" />
			</value>
		</option>
		<option name="LOG_EXPIRED_ENTRY">
			<value>
				<option name="FOREGROUND" value="75715e" />
			</value>
		</option>
		<option name="LOG_WARNING_OUTPUT">
			<value>
				<option name="FOREGROUND" value="f9faf4" />
			</value>
		</option>
		<option name="MATCHED_BRACE_ATTRIBUTES">
			<value>
				<option name="BACKGROUND" value="2e533d" />
				<option name="EFFECT_TYPE" value="4" />
			</value>
		</option>
		<option name="METHOD_DECLARATION_ATTRIBUTES">
			<value>
				<option name="FOREGROUND" value="a7ec21" />
			</value>
		</option>
		<option name="NOT_TOP_FRAME_ATTRIBUTES">
			<value>
				<option name="BACKGROUND" value="243040" />
			</value>
		</option>
		<option name="NOT_USED_ELEMENT_ATTRIBUTES">
			<value>
				<option name="FOREGROUND" value="808080" />
				<option name="EFFECT_TYPE" value="2" />
				<option name="EFFECT_COLOR" value="808080" />
			</value>
		</option>
		<option name="SEARCH_RESULT_ATTRIBUTES">
			<value>
				<option name="BACKGROUND" value="155221" />
			</value>
		</option>
		<option name="STATIC_FIELD_ATTRIBUTES">
			<value>
				<option name="FONT_TYPE" value="2" />
			</value>
		</option>
		<option name="STATIC_FINAL_FIELD_ATTRIBUTES">
			<value>
				<option name="FOREGROUND" value="ae81ff" />
			</value>
		</option>
		<option name="STATIC_METHOD_ATTRIBUTES">
			<value>
				<option name="FONT_TYPE" value="2" />
				<option name="FOREGROUND" value="f8f8f2" />
			</value>
		</option>
		<option name="TEMPLATE_VARIABLE_ATTRIBUTES">
			<value>
				<option name="FOREGROUND" value="ae81ff" />
			</value>
		</option>
		<option name="TEXT">
			<value>
				<option name="FOREGROUND" value="f8f8f2" />
				<option name="BACKGROUND" value="222222" />
			</value>
		</option>
		<option name="TEXT_SEARCH_RESULT_ATTRIBUTES">
			<value>
				<option name="EFFECT_COLOR" value="ffffff" />
			</value>
		</option>
		<option name="TODO_DEFAULT_ATTRIBUTES">
			<value>
				<option name="FONT_TYPE" value="2" />
				<option name="FOREGROUND" value="a8c023" />
				<option name="ERROR_STRIPE_COLOR" value="a8c023" />
			</value>
		</option>
		<option name="TYPE_PARAMETER_NAME_ATTRIBUTES">
			<value>
				<option name="FONT_TYPE" value="2" />
				<option name="FOREGROUND" value="66d9ef" />
			</value>
		</option>
		<option name="TYPO">
			<value>
				<option name="EFFECT_TYPE" value="2" />
				<option name="EFFECT_COLOR" value="c900" />
			</value>
		</option>
		<option name="UNMATCHED_BRACE_ATTRIBUTES">
			<value>
				<option name="BACKGROUND" value="582e27" />
				<option name="EFFECT_TYPE" value="4" />
			</value>
		</option>
		<option name="Unresolved reference access">
			<value>
				<option name="EFFECT_TYPE" value="1" />
				<option name="EFFECT_COLOR" value="f49810" />
			</value>
		</option>
		<option name="WARNING_ATTRIBUTES">
			<value>
				<option name="FOREGROUND" value="cdd1a3" />
				<option name="BACKGROUND" value="404122" />
				<option name="ERROR_STRIPE_COLOR" value="a1a211" />
				<option name="EFFECT_TYPE" value="2" />
			</value>
		</option>
		<option name="WRITE_IDENTIFIER_UNDER_CARET_ATTRIBUTES">
			<value>
				<option name="FOREGROUND" value="ffffff" />
				<option name="BACKGROUND" value="676350" />
				<option name="ERROR_STRIPE_COLOR" value="f9f5ca" />
				<option name="EFFECT_COLOR" value="a05d4f" />
			</value>
		</option>
		<option name="WRITE_SEARCH_RESULT_ATTRIBUTES">
			<value>
				<option name="BACKGROUND" value="532b2e" />
			</value>
		</option>
		<option name="WRONG_REFERENCES_ATTRIBUTES">
			<value>
				<option name="FOREGROUND" value="bc3f3c" />
			</value>
		</option>
		<option name="XML_NS_PREFIX">
			<value>
				<option name="FOREGROUND" value="c9f67b" />
			</value>
		</option>
		<option name="XML_TAG_DATA">
			<value>
				<option name="FOREGROUND" value="e6db74" />
			</value>
		</option>
	</attributes>
</scheme>